,vd1_-40,vd1_-30,vd1_-20,vd1_-10,vd1_0,vd1_10,vd1_20,vd1_30,vd1_40,vd1_50,vd1_60,vd1_70,vd1_80,vd1_90,vd1_100,vd1_110,vd1_120,vd2_-40,vd2_-30,vd2_-20,vd2_-10,vd2_0,vd2_10,vd2_20,vd2_30,vd2_40,vd2_50,vd2_60,vd2_70,vd2_80,vd2_90,vd2_100,vd2_110,vd2_120,i_out_-40,i_out_-30,i_out_-20,i_out_-10,i_out_0,i_out_10,i_out_20,i_out_30,i_out_40,i_out_50,i_out_60,i_out_70,i_out_80,i_out_90,i_out_100,i_out_110,i_out_120,name,type,time,OK
0,0.7289765,0.7303469,0.7374875,0.7531539,0.7806585,0.8233472,0.8839191,0.9646191,1.067732,1.195002,1.346134,1.507296,1.593814,1.629304,1.650626,1.665518,1.676699,0.7181091,0.7098732,0.7011593,0.6920025,0.6824242,0.6723769,0.6617755,0.6506035,0.6389156,0.6267533,0.6140953,0.6005428,0.5839251,0.5655665,0.5466584,0.5274373,0.5079851,9.014692e-08,1.693314e-07,2.995106e-07,5.025725e-07,8.048806e-07,1.2335e-06,1.810576e-06,2.554491e-06,3.484815e-06,4.620628e-06,5.977224e-06,7.56387e-06,9.383213e-06,1.143171e-05,1.370109e-05,1.617861e-05,1.884797e-05,tran_SchGtKttTtVt,Sch,Tue Mar 11 11:22:33 2025,True
