,vd1_-40,vd1_-35,vd1_-30,vd1_-25,vd1_-20,vd1_-15,vd1_-10,vd1_-5,vd1_0,vd1_5,vd1_10,vd1_15,vd1_20,vd1_25,vd1_30,vd1_35,vd1_40,vd1_45,vd1_50,vd1_55,vd1_60,vd1_65,vd1_70,vd1_75,vd1_80,vd1_85,vd1_90,vd1_95,vd1_100,vd1_105,vd1_110,vd1_115,vd1_120,vd2_-40,vd2_-35,vd2_-30,vd2_-25,vd2_-20,vd2_-15,vd2_-10,vd2_-5,vd2_0,vd2_5,vd2_10,vd2_15,vd2_20,vd2_25,vd2_30,vd2_35,vd2_40,vd2_45,vd2_50,vd2_55,vd2_60,vd2_65,vd2_70,vd2_75,vd2_80,vd2_85,vd2_90,vd2_95,vd2_100,vd2_105,vd2_110,vd2_115,vd2_120,i_out_-40,i_out_-35,i_out_-30,i_out_-25,i_out_-20,i_out_-15,i_out_-10,i_out_-5,i_out_0,i_out_5,i_out_10,i_out_15,i_out_20,i_out_25,i_out_30,i_out_35,i_out_40,i_out_45,i_out_50,i_out_55,i_out_60,i_out_65,i_out_70,i_out_75,i_out_80,i_out_85,i_out_90,i_out_95,i_out_100,i_out_105,i_out_110,i_out_115,i_out_120,name,type,time,OK
0,0.03509988,0.03489737,0.03469717,0.03450048,0.03430705,0.03411358,0.03392293,0.03373428,0.03354726,0.03335964,0.03317178,0.03298713,0.03280073,0.03261464,0.03242371,0.03223233,0.03203557,0.0318345,0.03162835,0.03141686,0.0312051,0.03099081,0.03077527,0.03056019,0.03034803,0.03014111,0.02993793,0.02974005,0.02954882,0.02936296,0.02918437,0.02901543,0.0288505,0.03507602,0.03487995,0.03468477,0.03449189,0.03430127,0.03410999,0.03392115,0.03373409,0.03354866,0.03336281,0.03317714,0.03299528,0.03281252,0.0326311,0.03244609,0.032262,0.03207393,0.03188288,0.03168783,0.03148807,0.03128818,0.03108549,0.03088078,0.03067538,0.03047147,0.03027117,0.03007304,0.02987864,0.02968939,0.02950418,0.02932505,0.02915463,0.02898745,6.908326e-12,7.365752e-12,7.415888e-12,7.065888e-12,6.382786e-12,6.226332e-12,6.661675e-12,6.881003e-12,6.900683e-12,6.750147e-12,6.483899e-12,6.018816e-12,5.444295e-12,4.735196e-12,3.969244e-12,3.117515e-12,2.204107e-12,1.229089e-12,2.036431e-13,-1.512966e-13,-1.672226e-13,-1.776357e-13,-1.837611e-13,-1.785545e-13,-1.583408e-13,-1.145444e-13,-3.675221e-14,8.973665e-14,2.949365e-13,6.073303e-13,1.076533e-12,1.770231e-12,2.782449e-12,tran_SchGtKttTtVt,Sch,Fri Feb 21 10:44:37 2025,True
