,vd1_-40,vd1_-30,vd1_-20,vd1_-10,vd1_0,vd1_10,vd1_20,vd1_30,vd1_40,vd1_50,vd1_60,vd1_70,vd1_80,vd1_90,vd1_100,vd1_110,vd1_120,vd2_-40,vd2_-30,vd2_-20,vd2_-10,vd2_0,vd2_10,vd2_20,vd2_30,vd2_40,vd2_50,vd2_60,vd2_70,vd2_80,vd2_90,vd2_100,vd2_110,vd2_120,i_out_-40,i_out_-30,i_out_-20,i_out_-10,i_out_0,i_out_10,i_out_20,i_out_30,i_out_40,i_out_50,i_out_60,i_out_70,i_out_80,i_out_90,i_out_100,i_out_110,i_out_120,name,type,time,OK
0,0.7645475,0.7747527,0.7957334,0.8309963,0.8833211,0.9541924,1.043917,1.151735,1.275677,1.411407,1.536677,1.597035,1.625235,1.642748,1.65508,1.664353,1.671615,0.739186,0.7302682,0.7211109,0.7115597,0.7014383,0.69063,0.6791101,0.6669032,0.6540384,0.6404977,0.6257611,0.6085972,0.5903109,0.5715791,0.5525684,0.5333431,0.5139352,2.104242e-07,3.679789e-07,6.155708e-07,9.82819e-07,1.493577e-06,2.160902e-06,2.988273e-06,3.97184e-06,5.10208e-06,6.365606e-06,7.746688e-06,9.228771e-06,1.079609e-05,1.243313e-05,1.412546e-05,1.585956e-05,1.762277e-05,tran_SchGtKttTtVt,Sch,Sat Mar 15 15:07:55 2025,True
