,vd1_-40,vd1_-30,vd1_-20,vd1_-10,vd1_0,vd1_10,vd1_20,vd1_30,vd1_40,vd1_50,vd1_60,vd1_70,vd1_80,vd1_90,vd1_100,vd1_110,vd1_120,vd2_-40,vd2_-30,vd2_-20,vd2_-10,vd2_0,vd2_10,vd2_20,vd2_30,vd2_40,vd2_50,vd2_60,vd2_70,vd2_80,vd2_90,vd2_100,vd2_110,vd2_120,i_out_-40,i_out_-30,i_out_-20,i_out_-10,i_out_0,i_out_10,i_out_20,i_out_30,i_out_40,i_out_50,i_out_60,i_out_70,i_out_80,i_out_90,i_out_100,i_out_110,i_out_120,name,type,time,OK
0,0.6343795,0.6098949,0.5853236,0.5606446,0.5358452,0.5109139,0.485846,0.4606348,0.4352775,0.4097714,0.38412,0.3583174,0.3323766,0.3063041,0.2801212,0.2538664,0.2275291,0.6343183,0.609832,0.5852587,0.5605774,0.5357756,0.5108417,0.4857711,0.460557,0.435197,0.409688,0.3840337,0.3582282,0.3322843,0.3062087,0.2800221,0.2537632,0.2274284,1.677181e-13,1.440797e-13,1.178934e-13,9.780177e-14,8.788939e-14,1.012028e-13,1.288512e-13,1.419097e-13,1.467276e-13,1.542209e-13,1.799142e-13,2.520548e-13,4.408305e-13,8.849028e-13,1.770386e-12,9.788663e-13,-1.073586e-10,tran_SchGtKttTtVt,Sch,Thu Mar  6 16:59:52 2025,True
