,vd1_-40,vd1_-35,vd1_-30,vd1_-25,vd1_-20,vd1_-15,vd1_-10,vd1_-5,vd1_0,vd1_5,vd1_10,vd1_15,vd1_20,vd1_25,vd1_30,vd1_35,vd1_40,vd1_45,vd1_50,vd1_55,vd1_60,vd1_65,vd1_70,vd1_75,vd1_80,vd1_85,vd1_90,vd1_95,vd1_100,vd1_105,vd1_110,vd1_115,vd1_120,vd2_-40,vd2_-35,vd2_-30,vd2_-25,vd2_-20,vd2_-15,vd2_-10,vd2_-5,vd2_0,vd2_5,vd2_10,vd2_15,vd2_20,vd2_25,vd2_30,vd2_35,vd2_40,vd2_45,vd2_50,vd2_55,vd2_60,vd2_65,vd2_70,vd2_75,vd2_80,vd2_85,vd2_90,vd2_95,vd2_100,vd2_105,vd2_110,vd2_115,vd2_120,i_out_-40,i_out_-35,i_out_-30,i_out_-25,i_out_-20,i_out_-15,i_out_-10,i_out_-5,i_out_0,i_out_5,i_out_10,i_out_15,i_out_20,i_out_25,i_out_30,i_out_35,i_out_40,i_out_45,i_out_50,i_out_55,i_out_60,i_out_65,i_out_70,i_out_75,i_out_80,i_out_85,i_out_90,i_out_95,i_out_100,i_out_105,i_out_110,i_out_115,i_out_120,name,type,time,OK
0,0.04706759,0.04688919,0.04671171,0.04653514,0.04635948,0.04618493,0.04600929,0.04583707,0.045662,0.04549128,0.04532141,0.04515205,0.04498316,0.04481456,0.04464622,0.04447807,0.04431009,0.0441422,0.04397436,0.043808,0.04364003,0.04347204,0.0433037,0.04313151,0.04296375,0.04279595,0.04262705,0.04245715,0.04228603,0.04211344,0.041939,0.04176237,0.04158283,0.04706766,0.04688926,0.04671177,0.04653521,0.04635954,0.04618474,0.04600892,0.04583661,0.04566151,0.04549079,0.04532068,0.04515108,0.04498191,0.04481312,0.04464463,0.0444764,0.04430837,0.04414047,0.04397264,0.04380635,0.04363846,0.0434706,0.04330246,0.0431305,0.04296305,0.04279552,0.0426268,0.04245718,0.04228647,0.04211444,0.04194073,0.04176505,0.04158676,1.071939e-14,1.439462e-14,1.653849e-14,1.898864e-14,2.051998e-14,3.3067e-12,5.718088e-12,6.747688e-12,6.836997e-12,6.357375e-12,8.873404e-12,1.093439e-11,1.329382e-11,1.46122e-11,1.521388e-11,1.529713e-11,1.498039e-11,1.433147e-11,1.339064e-11,1.217284e-11,1.069276e-11,8.947867e-12,6.749308e-12,4.471822e-12,1.914912e-12,9.065545e-14,1.28939e-13,1.990745e-13,3.261759e-13,5.393387e-13,8.906286e-13,1.446812e-12,2.305895e-12,tran_SchGtKttTtVt,Sch,Fri Feb 21 11:58:32 2025,True
