,vd1_-40,vd1_-35,vd1_-30,vd1_-25,vd1_-20,vd1_-15,vd1_-10,vd1_-5,vd1_0,vd1_5,vd1_10,vd1_15,vd1_20,vd1_25,vd1_30,vd1_35,vd1_40,vd1_45,vd1_50,vd1_55,vd1_60,vd1_65,vd1_70,vd1_75,vd1_80,vd1_85,vd1_90,vd1_95,vd1_100,vd1_105,vd1_110,vd1_115,vd1_120,vd2_-40,vd2_-35,vd2_-30,vd2_-25,vd2_-20,vd2_-15,vd2_-10,vd2_-5,vd2_0,vd2_5,vd2_10,vd2_15,vd2_20,vd2_25,vd2_30,vd2_35,vd2_40,vd2_45,vd2_50,vd2_55,vd2_60,vd2_65,vd2_70,vd2_75,vd2_80,vd2_85,vd2_90,vd2_95,vd2_100,vd2_105,vd2_110,vd2_115,vd2_120,i_out_-40,i_out_-35,i_out_-30,i_out_-25,i_out_-20,i_out_-15,i_out_-10,i_out_-5,i_out_0,i_out_5,i_out_10,i_out_15,i_out_20,i_out_25,i_out_30,i_out_35,i_out_40,i_out_45,i_out_50,i_out_55,i_out_60,i_out_65,i_out_70,i_out_75,i_out_80,i_out_85,i_out_90,i_out_95,i_out_100,i_out_105,i_out_110,i_out_115,i_out_120,name,type,time,OK
0,0.04734699,0.04717193,0.04699795,0.04682437,0.04665155,0.04647719,0.04630597,0.04613286,0.04596466,0.04579655,0.045629,0.0454618,0.04529489,0.04512823,0.04496148,0.04479522,0.04462906,0.04446468,0.04429856,0.04413253,0.04396661,0.04380102,0.04363531,0.04346602,0.04330111,0.04313473,0.04296746,0.04279913,0.04262949,0.04245822,0.04228488,0.04210894,0.04192981,0.04734646,0.04717073,0.04699654,0.04682285,0.04665002,0.04647585,0.04630447,0.04613137,0.04596258,0.04579438,0.04562669,0.04545942,0.04529252,0.04512592,0.04495957,0.04479341,0.04462739,0.0444632,0.04429731,0.04413159,0.04396599,0.04380036,0.04363462,0.04346536,0.04330053,0.0431343,0.04296728,0.04279931,0.04263017,0.04245958,0.04228719,0.0421125,0.04193496,8.543913e-12,1.748442e-11,2.039201e-11,2.14738e-11,2.091177e-11,1.761606e-11,1.841611e-11,1.728444e-11,2.406636e-11,2.423116e-11,2.497392e-11,2.481747e-11,2.385539e-11,2.214614e-11,1.652753e-11,1.48355e-11,1.276168e-11,1.026968e-11,7.333593e-12,3.765178e-12,5.972234e-14,6.002861e-14,5.972234e-14,6.125368e-14,6.737905e-14,8.238621e-14,1.160757e-13,1.822297e-13,3.06881e-13,5.160623e-13,8.596955e-13,1.408528e-12,2.263936e-12,tran_SchGtKttTtVt,Sch,Thu Feb 27 12:50:45 2025,True
