,vd1_-40,vd1_-30,vd1_-20,vd1_-10,vd1_0,vd1_10,vd1_20,vd1_30,vd1_40,vd1_50,vd1_60,vd1_70,vd1_80,vd1_90,vd1_100,vd1_110,vd1_120,vd2_-40,vd2_-30,vd2_-20,vd2_-10,vd2_0,vd2_10,vd2_20,vd2_30,vd2_40,vd2_50,vd2_60,vd2_70,vd2_80,vd2_90,vd2_100,vd2_110,vd2_120,i_out_-40,i_out_-30,i_out_-20,i_out_-10,i_out_0,i_out_10,i_out_20,i_out_30,i_out_40,i_out_50,i_out_60,i_out_70,i_out_80,i_out_90,i_out_100,i_out_110,i_out_120,name,type,time,OK
0,0.7327804,0.7343434,0.7416958,0.7575763,0.7852589,0.8280514,0.8886746,0.9694369,1.07264,1.199998,1.351146,1.511341,1.595558,1.630462,1.651544,1.666303,1.677396,0.7218908,0.7138154,0.7052605,0.6962551,0.6868183,0.6769064,0.6664445,0.6554219,0.6438903,0.631887,0.6193875,0.6059641,0.589439,0.5712232,0.5524665,0.5333992,0.5141018,9.044816e-08,1.699076e-07,3.005397e-07,5.041432e-07,8.067929e-07,1.235219e-06,1.811672e-06,2.555029e-06,3.485061e-06,4.620763e-06,5.977221e-06,7.563863e-06,9.383079e-06,1.143158e-05,1.370096e-05,1.617846e-05,1.884781e-05,tran_SchGtKttTtVt,Sch,Thu Mar 13 11:24:25 2025,True
