,vd1_-40,vd1_-30,vd1_-20,vd1_-10,vd1_0,vd1_10,vd1_20,vd1_30,vd1_40,vd1_50,vd1_60,vd1_70,vd1_80,vd1_90,vd1_100,vd1_110,vd1_120,vd2_-40,vd2_-30,vd2_-20,vd2_-10,vd2_0,vd2_10,vd2_20,vd2_30,vd2_40,vd2_50,vd2_60,vd2_70,vd2_80,vd2_90,vd2_100,vd2_110,vd2_120,i_out_-40,i_out_-30,i_out_-20,i_out_-10,i_out_0,i_out_10,i_out_20,i_out_30,i_out_40,i_out_50,i_out_60,i_out_70,i_out_80,i_out_90,i_out_100,i_out_110,i_out_120,name,type,time,OK
0,0.7854451,0.767633,0.7497795,0.7318658,0.7138813,0.6958207,0.6776819,0.6594644,0.6411687,0.6227946,0.6043425,0.5858136,0.5672114,0.5485428,0.5298182,0.511052,0.4922652,0.7410302,0.7211907,0.7012166,0.6811051,0.6608561,0.6404706,0.6199504,0.5992979,0.5785152,0.5576046,0.5365679,0.5154074,0.4941259,0.472727,0.4512154,0.4295967,0.4078782,3.681617e-07,3.840115e-07,4.00392e-07,4.17145e-07,4.341603e-07,4.512611e-07,4.685883e-07,4.859974e-07,5.034473e-07,5.208989e-07,5.383151e-07,5.556653e-07,5.729346e-07,5.901271e-07,6.072672e-07,6.244022e-07,6.416133e-07,tran_SchGtKttTtVt,Sch,Tue Apr  8 10:41:02 2025,True
