,vd1_-40,vd1_-30,vd1_-20,vd1_-10,vd1_0,vd1_10,vd1_20,vd1_30,vd1_40,vd1_50,vd1_60,vd1_70,vd1_80,vd1_90,vd1_100,vd1_110,vd1_120,vd2_-40,vd2_-30,vd2_-20,vd2_-10,vd2_0,vd2_10,vd2_20,vd2_30,vd2_40,vd2_50,vd2_60,vd2_70,vd2_80,vd2_90,vd2_100,vd2_110,vd2_120,i_out_-40,i_out_-30,i_out_-20,i_out_-10,i_out_0,i_out_10,i_out_20,i_out_30,i_out_40,i_out_50,i_out_60,i_out_70,i_out_80,i_out_90,i_out_100,i_out_110,i_out_120,name,type,time,OK
0,1.009128,1.109558,1.23229,1.37183,1.515559,1.604142,1.637439,1.655272,1.66676,1.674808,1.680715,1.685171,1.688588,1.691229,1.69327,1.694835,1.696014,0.7836614,0.7731703,0.7617445,0.7494204,0.7360874,0.7204978,0.7031573,0.6852505,0.6670295,0.6485742,0.6299211,0.6110907,0.5920963,0.572947,0.5536499,0.5342104,0.5146332,1.875742e-06,2.80304e-06,3.933698e-06,5.235811e-06,6.670194e-06,8.197876e-06,9.783267e-06,1.139685e-05,1.301414e-05,1.461502e-05,1.618384e-05,1.770731e-05,1.917486e-05,2.057784e-05,2.190921e-05,2.316319e-05,2.433512e-05,tran_SchGtKttTtVt,Sch,Mon Mar 24 10:16:46 2025,True
