,vd1_-40,vd1_-30,vd1_-20,vd1_-10,vd1_0,vd1_10,vd1_20,vd1_30,vd1_40,vd1_50,vd1_60,vd1_70,vd1_80,vd1_90,vd1_100,vd1_110,vd1_120,vd2_-40,vd2_-30,vd2_-20,vd2_-10,vd2_0,vd2_10,vd2_20,vd2_30,vd2_40,vd2_50,vd2_60,vd2_70,vd2_80,vd2_90,vd2_100,vd2_110,vd2_120,i_out_-40,i_out_-30,i_out_-20,i_out_-10,i_out_0,i_out_10,i_out_20,i_out_30,i_out_40,i_out_50,i_out_60,i_out_70,i_out_80,i_out_90,i_out_100,i_out_110,i_out_120,name,type,time,OK
0,1.160327,1.32832,1.522792,1.630715,1.663958,1.68143,1.692499,1.700106,1.705568,1.709585,1.712574,1.714797,1.71643,1.717596,1.718382,1.718855,1.719066,0.7935449,0.7833896,0.7720529,0.7571987,0.7401369,0.7225184,0.7045862,0.6864166,0.6680449,0.6494912,0.6307684,0.6118858,0.5928504,0.5736677,0.5543426,0.5348789,0.5152804,3.067751e-06,4.589925e-06,6.45937e-06,8.618236e-06,1.099307e-05,1.350971e-05,1.610068e-05,1.870905e-05,2.128614e-05,2.379275e-05,2.619673e-05,2.8472e-05,3.059776e-05,3.255793e-05,3.434102e-05,3.594026e-05,3.735388e-05,tran_SchGtKttTtVt,Sch,Sat Mar 15 22:09:33 2025,True
