,vd1_-40,vd1_-30,vd1_-20,vd1_-10,vd1_0,vd1_10,vd1_20,vd1_30,vd1_40,vd1_50,vd1_60,vd1_70,vd1_80,vd1_90,vd1_100,vd1_110,vd1_120,vd2_-40,vd2_-30,vd2_-20,vd2_-10,vd2_0,vd2_10,vd2_20,vd2_30,vd2_40,vd2_50,vd2_60,vd2_70,vd2_80,vd2_90,vd2_100,vd2_110,vd2_120,i_out_-40,i_out_-30,i_out_-20,i_out_-10,i_out_0,i_out_10,i_out_20,i_out_30,i_out_40,i_out_50,i_out_60,i_out_70,i_out_80,i_out_90,i_out_100,i_out_110,i_out_120,name,type,time,OK
0,0.7881768,0.8098003,0.8487931,0.9107696,1.000411,1.120639,1.271678,1.447828,1.585975,1.633332,1.657155,1.672472,1.683363,1.691548,1.69792,1.703001,1.707119,0.7483788,0.7398733,0.7311608,0.7220534,0.7123816,0.7020468,0.6909918,0.6790943,0.6647909,0.6474415,0.6292788,0.6107436,0.5919527,0.5729558,0.5537792,0.5344391,0.5149464,3.300844e-07,5.784708e-07,9.71053e-07,1.555578e-06,2.372977e-06,3.451858e-06,4.805726e-06,6.432638e-06,8.317503e-06,1.043669e-05,1.276194e-05,1.526287e-05,1.79095e-05,2.067162e-05,2.351983e-05,2.642501e-05,2.935755e-05,tran_SchGtKttTtVt,Sch,Sat Mar 15 15:49:15 2025,True
