,out_-40,out_-30,out_-20,out_-10,out_0,out_10,out_20,out_30,out_40,out_50,out_60,out_70,out_80,out_90,out_100,out_110,out_120,name,type,time,OK
0,2.733263e-09,5.199255e-09,9.233288e-09,1.558905e-08,2.52724e-08,3.960081e-08,6.026585e-08,8.941858e-08,1.297395e-07,1.845126e-07,2.57682e-07,3.545131e-07,4.78979e-07,6.373291e-07,8.355653e-07,1.079604e-06,1.375029e-06,tran_SchGtKttTtVt,Sch,Sat Mar 15 15:32:00 2025,True
