,out_-40,out_-30,out_-20,out_-10,out_0,out_10,out_20,out_30,out_40,out_50,out_60,out_70,out_80,out_90,out_100,out_110,out_120,name,type,time,OK
0,2.860823e-09,5.389985e-09,9.45487e-09,1.583282e-08,2.55342e-08,3.987734e-08,6.055783e-08,8.972404e-08,1.300563e-07,1.848403e-07,2.5802e-07,3.542062e-07,4.786218e-07,6.369652e-07,8.351905e-07,1.079223e-06,1.374644e-06,tran_SchGtKttTtVt,Sch,Sun Mar 16 13:13:58 2025,True
